brand_name,categories,sales_start,sales_end,primary_city,all_cities,country,region,address,phone,email,instagram,facebook,description,source_url,lead_id,scraped_date
Marina Rossoni Sales Department Instagram,N/A,N/A,N/A,Milan,Milan,Italy,Europe,N/A,21 20121,N/A,N/A,N/A,,https://www.modemonline.com/fashion/mini-web-sites/multilabel-showrooms/references/mr60_showroom,DS0001,2025-11-13
Zona20 MilanoM's/W's RTW,M's/W's RTW,N/A,N/A,Milan,Milan,Italy,Europe,N/A,N/A,N/A,N/A,N/A,,https://www.modemonline.com/fashion/mini-web-sites/fashion-brands/references/zona20milano,DS0002,2025-11-13
Antik Batik,Women's RTW,N/A,N/A,Paris,Paris,France,Europe,"Rue des Minimes - 75003 + NEW YORK September 08 - 18, 2025 Showroom: Paper Mache Tiger + MILAN September 22 - Octobre 07, 20",+33 (0)1 48 87 90 29,N/A,N/A,N/A,,https://www.modemonline.com/fashion/mini-web-sites/fashion-brands/references/antikbatik,DS0003,2025-11-13
Avant Toi,"Women's RTW, Men's RTW",N/A,N/A,Milan,Milan,Italy,Europe,"Rue Charlot - 75003 WOMAN SS26 MILANO September 08 - 30, 2025 October 09 - 15, 2025 PARIS October 02 - 07, 2025 8 Rue Charlo",N/A,N/A,N/A,N/A,,https://www.modemonline.com/fashion/mini-web-sites/fashion-brands/references/avant_toi,DS0004,2025-11-13
Begg x Co,N/A,N/A,N/A,Paris,Paris,France,Europe,Rue Marbeuf 75008 Paris Sales Contact Facebook Twitter Instagram,N/A,N/A,N/A,N/A,,https://www.modemonline.com/fashion/mini-web-sites/fashion-brands/references/beggeco,DS0005,2025-11-13
EBIT™,N/A,N/A,N/A,Paris,Paris,France,Europe,N/A,+393478096923,N/A,N/A,N/A,,https://www.modemonline.com/fashion/mini-web-sites/fashion-brands/references/ebit-tm_fashion_brand,DS0006,2025-11-13
Ernest Leoty,N/A,N/A,N/A,Paris,Paris,France,Europe,"Rue du Bouloi 75007 October 03-09, 2025 For the Spring-Summer 2026 season, Ernest Leoty draws inspiration from the world of",+33 (0)679378559,N/A,N/A,N/A,,https://www.modemonline.com/fashion/mini-web-sites/fashion-brands/references/ernestleoty_fashion_brand,DS0007,2025-11-13
Rosenthal Trading Gmbh,N/A,N/A,N/A,Düsseldorf,Düsseldorf,Germany,Europe,N/A,68 40474,N/A,@Showroom,N/A,,https://www.modemonline.com/fashion/mini-web-sites/multilabel-showrooms/references/rosenthal,DS0008,2025-11-13
Goti,Women's Accessories,N/A,N/A,Paris,Paris,France,Europe,"Rue du Perche 75003 Paris + MILAN From September 23, 2025 Via Carlo Botta 8 - 20135 Goti is an Italian brand born in Septemb",8 - 20135,N/A,N/A,N/A,,https://www.modemonline.com/fashion/mini-web-sites/fashion-brands/references/gotijewelry,DS0009,2025-11-13
Guidi,"Women's RTW, Men's RTW",N/A,N/A,Paris,Paris,France,Europe,"Rue Volta 75003 Paris WOMAN COLLECTION October 2 - 7, 2025 Passion for leather and respect for its tradition are the only me",+39 391 159 83 26,N/A,N/A,N/A,,https://www.modemonline.com/fashion/mini-web-sites/fashion-brands/references/guidi,DS0010,2025-11-13
Hul le Kes,N/A,N/A,N/A,Paris,Paris,France,Europe,"Rue Jean Lantier, 75001 Paris + October 3 - 5, 2025 POP-UP at the 0fr Bookstore, 20 Rue Dupetit-Thouars - 75003 Hul le Kes w",+31(0)6 24 13 43 11,N/A,N/A,N/A,,https://www.modemonline.com/fashion/mini-web-sites/fashion-brands/references/hul_le_kes_brand,DS0011,2025-11-13
Labo.Art,"Women's RTW, Men's RTW",N/A,N/A,Milan,Milan,Italy,Europe,"Rue du Perche - 75003 + NEW YORK September 10 – 19, 2025 CD Network Showroom 475 10th Avenue (10th Fl.) NY 10018 New York Sh",12 20154,N/A,N/A,N/A,,https://www.modemonline.com/fashion/mini-web-sites/fashion-brands/references/laboart,DS0012,2025-11-13
ma' ry' ya,"Women's RTW, Men's RTW",N/A,N/A,Milan,Milan,Italy,Europe,N/A,27-20144,N/A,N/A,N/A,,https://www.modemonline.com/fashion/mini-web-sites/fashion-brands/references/maryya_maria_icho_knitwear,DS0013,2025-11-13
Malloni,Women's RTW,N/A,N/A,Milan,Milan,Italy,Europe,N/A,+39 349 8244374,N/A,N/A,N/A,,https://www.modemonline.com/fashion/mini-web-sites/fashion-brands/references/malloni,DS0014,2025-11-13
Maria Calderara,Women's RTW,N/A,N/A,Paris,Paris,France,Europe,N/A,15 - 20124,N/A,N/A,N/A,,https://www.modemonline.com/fashion/mini-web-sites/fashion-brands/references/mariacalderara,DS0015,2025-11-13
Marsèll,"Men's Accessories, Women's Accessories",N/A,N/A,Paris,Paris,France,Europe,"Rue de la Corderie - 75003 For over 20 years, Marsèll has combined innovation and craftsmanship to create products of excell",+39 02 76 39 49 20,N/A,N/A,N/A,,https://www.modemonline.com/fashion/mini-web-sites/fashion-brands/references/marsell,DS0016,2025-11-13
Paul Easterlin,"Men's Accessories, Women's Accessories",N/A,N/A,Paris,Paris,France,Europe,"Rue Saint Gilles 75003 Paris + MARSEILLE June 10 - October 10, 2025 Showroompaoli 6 Boulevard Moulin Guieu - 13013 + NEW YOR",+1 917 362 67 50,N/A,N/A,N/A,,https://www.modemonline.com/fashion/mini-web-sites/fashion-brands/references/paul_easterlin_shoes,DS0017,2025-11-13
Porter by Yoshida & Co,N/A,N/A,N/A,Paris,Paris,France,Europe,Rue de la Corderie 75003 Paris PORTER was launched in 1962 as Yoshida & Co.'s original brand. The brand became synonymous wi,N/A,N/A,N/A,N/A,,https://www.modemonline.com/fashion/mini-web-sites/fashion-brands/references/porter_yoshida,DS0018,2025-11-13
Sorelle Secli,Women's RTW,N/A,N/A,Milan,Milan,Italy,Europe,N/A,21 20121,N/A,N/A,N/A,,https://www.modemonline.com/fashion/mini-web-sites/fashion-brands/references/sorelle_secli,DS0019,2025-11-13
MR60 Showroom,Women's RTW,N/A,N/A,Milan,Milan,Italy,Europe,N/A,21 20121,N/A,N/A,N/A,,https://www.modemonline.com/fashion/mini-web-sites/multilabel-showrooms/references/mr60_showroom,DS0020,2025-11-13
Toga,N/A,N/A,N/A,Paris,Paris,France,Europe,N/A,75003 75003,N/A,N/A,N/A,,https://www.modemonline.com/fashion/mini-web-sites/fashion-brands/references/toga,DS0021,2025-11-13
Transit,"Women's RTW, Men's RTW",N/A,N/A,Milan,Milan,Italy,Europe,"Rue Debelleyme 3 - 75003 + WOMAN Coll.: September 6 - 8, 2025 Who's Next - Porte de Versailles LONDON - WOMAN Coll.: July 13",31 20144,N/A,N/A,N/A,,https://www.modemonline.com/fashion/mini-web-sites/fashion-brands/references/transitparsuch,DS0022,2025-11-13
Y-3,"Women's RTW, Men's RTW, Men's Accessories, Women's Accessories",N/A,N/A,Milan,Milan,Italy,Europe,Rue de Sévigné - 75003 Mark Andryszak > +49 (0)151 12 26 44 50 Y-3 brings sports to the street. Fueled by the innovations of,+49 (0)151 12 26 44 50,N/A,N/A,N/A,,https://www.modemonline.com/fashion/mini-web-sites/fashion-brands/references/y-3,DS0023,2025-11-13
Zona20 Milano,"Women's RTW, Men's RTW",N/A,N/A,Milan,Milan,Italy,Europe,"Via Morimondo 26 20143 Milan Founded in 2023 by Zoe and Cherie Wang in Milan, Italy, Zona20 Milano is a fashion house rooted",26 20143,N/A,N/A,N/A,,https://www.modemonline.com/fashion/mini-web-sites/fashion-brands/references/zona20milano,DS0024,2025-11-13
Federico Munari,N/A,N/A,N/A,Milan,Milan,Italy,Europe,N/A,N/A,N/A,N/A,N/A,,https://www.modemonline.com/fashion/mini-web-sites/multilabel-showrooms/references/the_parlor_showroom,DS0025,2025-11-13
Instagram,N/A,N/A,N/A,Milan,Milan,Italy,Europe,"Rue des Quatre-Fils 16, 75003 Marais Bokja is a Beirut-based design studio, crafting meaningful narratives through embroider",+39 02 55 01 59 97,N/A,N/A,N/A,,https://www.modemonline.com/fashion/mini-web-sites/multilabel-showrooms/references/breramode,DS0026,2025-11-13
New York. Sales Department,N/A,N/A,N/A,Paris,Paris,France,Europe,"Avenue - NY 10019 MAIN COLLECTIONS SS25 September 16 - October 16, 2024 + NEW YORK Massimo Bonini Showroom September 3 - Octobe",41 20121,N/A,N/A,N/A,,https://www.modemonline.com/fashion/mini-web-sites/multilabel-showrooms/references/massimobonini,DS0027,2025-11-13
Maria Vittoria Bar Ziv,N/A,N/A,N/A,Milan,Milan,Italy,Europe,N/A,38 20129,N/A,N/A,N/A,,https://www.modemonline.com/fashion/mini-web-sites/multilabel-showrooms/references/dmvb,DS0028,2025-11-13
Disaya. Ges Isaj Gas Isaj,N/A,N/A,N/A,Milan,Milan,Italy,Europe,N/A,26 20135,N/A,N/A,N/A,,https://www.modemonline.com/fashion/mini-web-sites/multilabel-showrooms/references/studiozeta,DS0029,2025-11-13
Instagram,N/A,N/A,N/A,Milan,Milan,Italy,Europe,N/A,69 20137,N/A,N/A,N/A,,https://www.modemonline.com/fashion/mini-web-sites/multilabel-showrooms/references/the_parlor_showroom,DS0030,2025-11-13
Ges Isaj Gas Isaj,N/A,N/A,N/A,Milan,Milan,Italy,Europe,N/A,26 20135,N/A,N/A,N/A,,https://www.modemonline.com/fashion/mini-web-sites/multilabel-showrooms/references/studiozeta,DS0031,2025-11-13
Mattia Mao,N/A,N/A,N/A,Milan,Milan,Italy,Europe,N/A,20 20143,N/A,N/A,N/A,,https://www.modemonline.com/fashion/mini-web-sites/multilabel-showrooms/references/fattorekhouse,DS0032,2025-11-13
Savina Capuzzolo,N/A,N/A,N/A,Milan,Milan,Italy,Europe,N/A,19 20129,N/A,N/A,N/A,,https://www.modemonline.com/fashion/mini-web-sites/multilabel-showrooms/references/danieleghiselli,DS0033,2025-11-13
Sales Department,N/A,N/A,N/A,Milan,Milan,Italy,Europe,N/A,+39 02 54 12 03 59,N/A,N/A,N/A,,https://www.modemonline.com/fashion/mini-web-sites/multilabel-showrooms/references/showroommarcona3,DS0034,2025-11-13
Alessandra Chiara Guffanti Sales Department,N/A,N/A,N/A,Milan,Milan,Italy,Europe,N/A,37 20122,N/A,N/A,N/A,,https://www.modemonline.com/fashion/mini-web-sites/multilabel-showrooms/references/guffanti,DS0035,2025-11-13
Sales Department,N/A,N/A,N/A,Milan,Milan,Italy,Europe,"Avenue - NY 10019 Linked to the aesthetic innovation and technical invention that has always changed the identity of knitwear,",41 20121,N/A,N/A,N/A,,https://www.modemonline.com/fashion/mini-web-sites/multilabel-showrooms/references/massimobonini,DS0036,2025-11-13
Paola Zavattoni,N/A,N/A,N/A,Milan,Milan,Italy,Europe,N/A,42 20129,N/A,N/A,N/A,,https://www.modemonline.com/fashion/mini-web-sites/multilabel-showrooms/references/showroompapaveri,DS0037,2025-11-13
Francesca Casati,N/A,N/A,N/A,Milan,Milan,Italy,Europe,N/A,34 20139,N/A,N/A,N/A,,https://www.modemonline.com/fashion/mini-web-sites/multilabel-showrooms/references/himco,DS0038,2025-11-13
Alessandra Chiara Guffanti,N/A,N/A,N/A,Milan,Milan,Italy,Europe,N/A,37 20122,N/A,N/A,N/A,,https://www.modemonline.com/fashion/mini-web-sites/multilabel-showrooms/references/guffanti,DS0039,2025-11-13
Facebook Instagram,N/A,N/A,N/A,Paris,Paris,France,Europe,Rue de Turenne 75003 Paris Ozgur Masur has a unique take on haute couture with its elegant and highly feminine silhouettes.,+90 533 430 4828,N/A,N/A,N/A,,https://www.modemonline.com/fashion/mini-web-sites/multilabel-showrooms/references/showappshowroom,DS0040,2025-11-13
Silvia Alessia,N/A,N/A,N/A,Milan,Milan,Italy,Europe,N/A,+39 02 54 09 02 01,N/A,N/A,N/A,,https://www.modemonline.com/fashion/mini-web-sites/multilabel-showrooms/references/elisagaito,DS0041,2025-11-13
Facebook Instagram,N/A,N/A,N/A,Milan,Milan,Italy,Europe,"Via Pietro Colletta, 69 20137 Milan + Opening hours: 10am to 5pm Federico Munari (The Parlor Showroom) P : +39 (0)2 89 69 49",69 20137,N/A,N/A,N/A,,https://www.modemonline.com/fashion/mini-web-sites/multilabel-showrooms/references/the_parlor_showroom,DS0042,2025-11-13
Sales Department,N/A,N/A,N/A,Milan,Milan,Italy,Europe,N/A,+39 02 55 01 59 97,N/A,N/A,N/A,,https://www.modemonline.com/fashion/mini-web-sites/multilabel-showrooms/references/breramode,DS0043,2025-11-13
Talk Studio,N/A,N/A,N/A,Paris,Paris,France,Europe,Rue de Turenne 75003 Paris Far from the mainstream and with a natural penchant for everything that is new. In continuous evo,+33 (0)1 40 28 17 90,N/A,N/A,N/A,,https://www.modemonline.com/fashion/mini-web-sites/multilabel-showrooms/references/talkstudio,DS0044,2025-11-13
Beams Boy,N/A,N/A,N/A,Paris,Paris,France,Europe,Rue de la Fontaine au Roi (1st Floor) 75011 Paris Business Hours: 9:00 am - 6:00 pm (last appointment 5 pm) *First day: 10:0,+81 (0)80 16 10 32 09,N/A,N/A,N/A,,https://www.modemonline.com/fashion/mini-web-sites/fashion-brands/references/beams_boy_fashion_brand,DS0045,2025-11-13
Beams Japan,N/A,N/A,N/A,Paris,Paris,France,Europe,Rue de la Fontaine au Roi (1st Floor) 75011 Paris Business Hours: 9:00 am - 6:00 pm (last appointment 5:00 pm) *First day: 1,+81 (0)80 1610 3209,N/A,N/A,N/A,,https://www.modemonline.com/fashion/mini-web-sites/fashion-brands/references/beams_japan_fashion_brand,DS0046,2025-11-13
The Parlor Showroom,Women's RTW,N/A,N/A,Milan,Milan,Italy,Europe,N/A,N/A,N/A,N/A,N/A,,https://www.modemonline.com/fashion/mini-web-sites/multilabel-showrooms/references/the_parlor_showroom,DS0047,2025-11-13
Bokja,Women's RTW,N/A,N/A,Milan,Milan,Italy,Europe,"Rue des Quatre-Fils 16, 75003 Marais Bokja is a Beirut-based design studio, crafting meaningful narratives through embroider",+39 02 55 01 59 97,N/A,N/A,N/A,,https://www.modemonline.com/fashion/mini-web-sites/fashion-brands/references/bokja_fashion,DS0048,2025-11-13
Breramode,Women's RTW,N/A,N/A,Milan,Milan,Italy,Europe,"Rue des Quatre-Fils 16, 75003 Marais Bokja is a Beirut-based design studio, crafting meaningful narratives through embroider",+39 02 55 01 59 97,N/A,N/A,N/A,,https://www.modemonline.com/fashion/mini-web-sites/multilabel-showrooms/references/breramode,DS0049,2025-11-13
ByCookieH.,Women's RTW,N/A,N/A,Paris,Paris,France,Europe,N/A,N/A,N/A,N/A,N/A,,https://www.modemonline.com/fashion/mini-web-sites/fashion-brands/references/by_cookie_h_brand,DS0050,2025-11-13
Massimo Bonini Showroom,N/A,N/A,N/A,Paris,Paris,France,Europe,"Avenue - NY 10019 MAIN COLLECTIONS SS25 September 16 - October 16, 2024 + NEW YORK Massimo Bonini Showroom September 3 - Octobe",41 20121,N/A,N/A,N/A,,https://www.modemonline.com/fashion/mini-web-sites/multilabel-showrooms/references/massimobonini,DS0051,2025-11-13
Cazabat,Women's Accessories,N/A,N/A,Paris,Paris,France,Europe,"Rue Boissy d'Anglas 75008 Paris Daphné Rudler Mobile: +39 335 199 76 92 Instagram Women's Accessories : Shoes, Scarves",+39 335 199 76 92,N/A,N/A,N/A,,https://www.modemonline.com/fashion/mini-web-sites/fashion-brands/references/jeanmichelcazabat,DS0052,2025-11-13
Heda Showroom,"Women's RTW, Men's RTW",N/A,N/A,Milan,Milan,Italy,Europe,N/A,31 20137,N/A,N/A,N/A,,https://www.modemonline.com/fashion/mini-web-sites/multilabel-showrooms/references/hedashowroom,DS0053,2025-11-13
DMVB,Women's RTW,N/A,N/A,Milan,Milan,Italy,Europe,N/A,38 20129,N/A,N/A,N/A,,https://www.modemonline.com/fashion/mini-web-sites/multilabel-showrooms/references/dmvb,DS0054,2025-11-13
Studio Zeta,Women's RTW,N/A,N/A,Milan,Milan,Italy,Europe,N/A,26 20135,N/A,N/A,N/A,,https://www.modemonline.com/fashion/mini-web-sites/multilabel-showrooms/references/studiozeta,DS0055,2025-11-13
Done!,"Men's Accessories, Women's Accessories",N/A,N/A,Milan,Milan,Italy,Europe,N/A,69 20137,N/A,N/A,N/A,,https://www.modemonline.com/fashion/mini-web-sites/fashion-brands/references/done,DS0056,2025-11-13
Fattore K House,"Men's Accessories, Women's Accessories",N/A,N/A,Milan,Milan,Italy,Europe,N/A,20 20143,N/A,N/A,N/A,,https://www.modemonline.com/fashion/mini-web-sites/multilabel-showrooms/references/fattorekhouse,DS0057,2025-11-13
Daniele Ghiselli Showroom,Women's RTW,N/A,N/A,Milan,Milan,Italy,Europe,N/A,19 20129,N/A,N/A,N/A,,https://www.modemonline.com/fashion/mini-web-sites/multilabel-showrooms/references/danieleghiselli,DS0058,2025-11-13
Inoui Editions,N/A,N/A,N/A,Paris,Paris,France,Europe,"Rue Montmartre 75002 Paris Founded in 2009 bi Lisa and Mathilde, Inoui Editions is a line of printed scarves, each telling a",+33 6 86 22 81 86,N/A,N/A,N/A,,https://www.modemonline.com/fashion/mini-web-sites/fashion-brands/references/inouieditions,DS0059,2025-11-13
International Gallery Beams,N/A,N/A,N/A,Paris,Paris,France,Europe,Rue de la Fontaine au Roi (1st Floor) 75011 Paris Business Hours: 9:00 am - 6:00 pm (last appointment 5:00 pm) *First day: 1,+81 (0)80 16 10 32 09,N/A,N/A,N/A,,https://www.modemonline.com/fashion/mini-web-sites/fashion-brands/references/beams_fashion_brand,DS0060,2025-11-13
Isabel Benenato,Men's RTW,N/A,N/A,Milan,Milan,Italy,Europe,"Rue du Perche - 75003 CHICAGO August 03 - 06, 2024 THE MART 222 Merchandise Mart Plaza 7th Floor Market Suites 60654 Chicago",5 - 20144,N/A,N/A,N/A,,https://www.modemonline.com/fashion/mini-web-sites/fashion-brands/references/isabelbenenato,DS0061,2025-11-13
Jean-François Mimilla,N/A,N/A,N/A,Paris,Paris,France,Europe,Rue Barrault 75013 Paris + TOKYO – dates TBC Boutique W Showroom 5-39-3 Jungumae Shibuya - 150-0001 Tomoya - Ph:+81 357 787,- 150-0001,N/A,N/A,N/A,,https://www.modemonline.com/fashion/mini-web-sites/fashion-brands/references/jeanfrancoismimilla,DS0062,2025-11-13
Kohshin Satoh,N/A,N/A,N/A,Paris,Paris,France,Europe,Rue Quincampoix 75003 Paris From 10am to 7pm - By Appointment Only Kohshin Satoh established Arrston Volaiu in 1975. He attr,+81 (3) 6805 1412,N/A,N/A,N/A,,https://www.modemonline.com/fashion/mini-web-sites/fashion-brands/references/kohshin_satoh,DS0063,2025-11-13
Kuboraum/Innerraum,N/A,N/A,N/A,Paris,Paris,France,Europe,"Rue des Gravilliers 75003 Paris + KUBORAUM - DREAMED IN BERLIN, HANDMADE IN ITALY. Kuboraum was founded in 2012 in Berlin as",+39 342 3740467,N/A,N/A,N/A,,https://www.modemonline.com/fashion/mini-web-sites/fashion-brands/references/kuboraum,DS0064,2025-11-13
Showroom Marcona3,Women's RTW,N/A,N/A,Milan,Milan,Italy,Europe,N/A,+39 02 54 12 03 59,N/A,N/A,N/A,,https://www.modemonline.com/fashion/mini-web-sites/multilabel-showrooms/references/showroommarcona3,DS0065,2025-11-13
Marc Le Bihan,N/A,N/A,N/A,Paris,Paris,France,Europe,Rue Barrault 75013 Paris + TOKYO – dates TBC Boutique W Showroom 5-39-3 Jungumae Shibuya - 150-0001 Tomoya - Ph:+81 357 787,- 150-0001,N/A,N/A,N/A,,https://www.modemonline.com/fashion/mini-web-sites/fashion-brands/references/marclebihan,DS0066,2025-11-13
Guffanti Concept Showroom,N/A,N/A,N/A,Milan,Milan,Italy,Europe,N/A,37 20122,N/A,N/A,N/A,,https://www.modemonline.com/fashion/mini-web-sites/multilabel-showrooms/references/guffanti,DS0067,2025-11-13
Melissa Odabash,Women's RTW,N/A,N/A,Paris,Paris,France,Europe,Rue Etienne Marcel 75002 - LONDON + Permanent London Showroom 22 Bruton Street W1J 6QE Victoria Tobin P : +44 (0)20 74 99 91,+44 (0)20 74 99 91 29,N/A,N/A,N/A,,https://www.modemonline.com/fashion/mini-web-sites/fashion-brands/references/melissa_odabash,DS0068,2025-11-13
Monsieur Charli,N/A,N/A,N/A,Paris,Paris,France,Europe,"Rue Bichat 75010 Paris Until July 25, 2024 August 20 - September 15, 2024 By creating Monsieur Charli in 2012, Virginie Lepr",+33 06 64 32 60 73,N/A,N/A,N/A,,https://www.modemonline.com/fashion/mini-web-sites/fashion-brands/references/monsieurcharli,DS0069,2025-11-13
LAB fashion agency,N/A,N/A,N/A,Milan,Milan,Italy,Europe,N/A,7 - 20144,N/A,N/A,N/A,,https://www.modemonline.com/fashion/mini-web-sites/multilabel-showrooms/references/lab_fashion_agency_multibrand_kid_showroom,DS0070,2025-11-13
Papaveri Showroom,Women's RTW,N/A,N/A,Milan,Milan,Italy,Europe,N/A,42 20129,N/A,N/A,N/A,,https://www.modemonline.com/fashion/mini-web-sites/multilabel-showrooms/references/showroompapaveri,DS0071,2025-11-13
HIM Co,Women's Accessories,N/A,N/A,Milan,Milan,Italy,Europe,N/A,34 20139,N/A,N/A,N/A,,https://www.modemonline.com/fashion/mini-web-sites/multilabel-showrooms/references/himco,DS0072,2025-11-13
Noon By Noor,Women's RTW,N/A,N/A,Paris,Paris,France,Europe,Avenue Hoche 75008 Paris From 9.30 am to 6:00 pm + Digital on JOOR Liana Farini (Middle East Sales) Mobile: +973 38 11 12 60 Ju,+973 38 11 12 60,N/A,N/A,N/A,,https://www.modemonline.com/fashion/mini-web-sites/fashion-brands/references/noon-by-noor,DS0073,2025-11-13
Ozgur Masur,N/A,N/A,N/A,Paris,Paris,France,Europe,Rue de Turenne 75003 Paris Ozgur Masur has a unique take on haute couture with its elegant and highly feminine silhouettes.,+90 533 430 4828,N/A,N/A,N/A,,https://www.modemonline.com/fashion/mini-web-sites/fashion-brands/references/ozgur-masur,DS0074,2025-11-13
Showapp Showroom,N/A,N/A,N/A,Paris,Paris,France,Europe,Rue de Turenne 75003 Paris Ozgur Masur has a unique take on haute couture with its elegant and highly feminine silhouettes.,+90 533 430 4828,N/A,N/A,N/A,,https://www.modemonline.com/fashion/mini-web-sites/multilabel-showrooms/references/showappshowroom,DS0075,2025-11-13
Elisa Gaito,Women's RTW,N/A,N/A,Milan,Milan,Italy,Europe,N/A,+39 02 54 09 02 01,N/A,N/A,N/A,,https://www.modemonline.com/fashion/mini-web-sites/multilabel-showrooms/references/elisagaito,DS0076,2025-11-13
Patrick Cupid,N/A,N/A,N/A,Paris,Paris,France,Europe,N/A,+1 917 915 0647,N/A,N/A,N/A,,https://www.modemonline.com/fashion/mini-web-sites/fashion-brands/references/patrick-cupid,DS0077,2025-11-13
Point di Mariapia Bernardis and co.,"Women's RTW, Men's RTW",N/A,N/A,Milan,Milan,Italy,Europe,N/A,13 20129,N/A,N/A,N/A,,https://www.modemonline.com/fashion/mini-web-sites/multilabel-showrooms/references/point,DS0078,2025-11-13
Rallegrati,Women's RTW,N/A,N/A,Milan,Milan,Italy,Europe,"Via Pietro Colletta, 69 20137 Milan + Opening hours: 10am to 5pm Federico Munari (The Parlor Showroom) P : +39 (0)2 89 69 49",69 20137,N/A,N/A,N/A,,https://www.modemonline.com/fashion/mini-web-sites/fashion-brands/references/rallegrati_fashion_brand,DS0079,2025-11-13
Ron Dorff,N/A,N/A,N/A,Paris,Paris,France,Europe,N/A,+44 7387 276 256,N/A,N/A,N/A,,https://www.modemonline.com/fashion/mini-web-sites/fashion-brands/references/rondorff,DS0080,2025-11-13
Rosa Maria,N/A,N/A,N/A,Paris,Paris,France,Europe,Rue Stanislas - 75006 By Appointment Only Rosa Maria's creations are made from a mix of silver and gold combined with a wild,+961 (0)3 65 22 36,N/A,N/A,N/A,,https://www.modemonline.com/fashion/mini-web-sites/fashion-brands/references/rosamaria,DS0081,2025-11-13
Roberta Sales Contact,N/A,N/A,N/A,Milan,Milan,Italy,Europe,N/A,+39 02 55 01 59 97,N/A,N/A,N/A,,https://www.modemonline.com/fashion/mini-web-sites/multilabel-showrooms/references/breramode,DS0082,2025-11-13
Jordana Scott,N/A,N/A,N/A,Paris,Paris,France,Europe,"Street - 5th Floor NY 10003 New York + MILAN – Sept. 21 - 25, 2023 via San Primo 4 20121 Milano + PARIS – Sept. 28 - Oct. 04, 2",+44 (0)2 03 75 79 340,N/A,N/A,N/A,,https://www.modemonline.com/fashion/mini-web-sites/multilabel-showrooms/references/pollykingandco,DS0083,2025-11-13
Gas Isaj Orges Isaj,N/A,N/A,N/A,Paris,Paris,France,Europe,N/A,26 20135,N/A,N/A,N/A,,https://www.modemonline.com/fashion/mini-web-sites/multilabel-showrooms/references/studiozeta,DS0084,2025-11-13
"Épice ParisM's Acc., W's Acc.",N/A,N/A,N/A,Paris,Paris,France,Europe,N/A,N/A,N/A,N/A,N/A,,https://www.modemonline.com/fashion/mini-web-sites/fashion-brands/references/epiceparis,DS0085,2025-11-13
Sales Department,N/A,N/A,N/A,Milan,Milan,Italy,Europe,N/A,N/A,N/A,N/A,N/A,,https://www.modemonline.com/fashion/mini-web-sites/multilabel-showrooms/references/tomorrow,DS0086,2025-11-13
Ludovica Bello Elena Pogodaeva,N/A,N/A,N/A,Milan,Milan,Italy,Europe,N/A,37 20143,N/A,N/A,N/A,,https://www.modemonline.com/fashion/mini-web-sites/multilabel-showrooms/references/marzianobello,DS0087,2025-11-13
Alessandra Chiara Guffanti Sales Contact,N/A,N/A,N/A,Milan,Milan,Italy,Europe,N/A,37 20122,N/A,N/A,N/A,,https://www.modemonline.com/fashion/mini-web-sites/multilabel-showrooms/references/guffanti,DS0088,2025-11-13
Sales Contact,N/A,N/A,N/A,Milan,Milan,Italy,Europe,N/A,N/A,N/A,N/A,N/A,,https://www.modemonline.com/fashion/mini-web-sites/multilabel-showrooms/references/showroommarcona3,DS0089,2025-11-13
Nemozena. Gas Isaj Orges Isaj,N/A,N/A,N/A,Paris,Paris,France,Europe,N/A,26 20135,N/A,N/A,N/A,,https://www.modemonline.com/fashion/mini-web-sites/multilabel-showrooms/references/studiozeta,DS0090,2025-11-13
Sales Contact,N/A,N/A,N/A,Milan,Milan,Italy,Europe,N/A,41 20121,N/A,N/A,N/A,,https://www.modemonline.com/fashion/mini-web-sites/multilabel-showrooms/references/massimobonini,DS0091,2025-11-13
Facebook Twitter Instagram,N/A,N/A,N/A,Paris,Paris,France,Europe,Rue de Turenne 75003 Paris From 9.00am to 6:00pm Showroom Online Access Sign In Liana Farini (Middle East Sales) Mobile: +97,+973 3811 1260,N/A,N/A,N/A,,https://www.modemonline.com/fashion/mini-web-sites/multilabel-showrooms/references/pollykingandco,DS0092,2025-11-13
Yuki Terase Matt Whyte,N/A,N/A,N/A,Paris,Paris,France,Europe,Rue d'Uzès 75002 Paris P : +44 (0) 20 70 33 38 15 Yuki Terase Matt Whyte,+44 (0) 20 70 33 38 15,N/A,N/A,N/A,,https://www.modemonline.com/fashion/mini-web-sites/multilabel-showrooms/references/papermachetiger,DS0093,2025-11-13
Paris Silvia Alessia,N/A,N/A,N/A,Paris,Paris,France,Europe,N/A,N/A,N/A,N/A,N/A,,https://www.modemonline.com/fashion/mini-web-sites/multilabel-showrooms/references/elisagaito,DS0094,2025-11-13
Instagram,N/A,N/A,N/A,Paris,Paris,France,Europe,N/A,+33 (0)6 58 18 61 48,N/A,N/A,N/A,,https://www.modemonline.com/fashion/mini-web-sites/multilabel-showrooms/references/other_wise,DS0095,2025-11-13
Italy. Sales Contact,N/A,N/A,N/A,Milan,Milan,Italy,Europe,N/A,N/A,N/A,N/A,N/A,,https://www.modemonline.com/fashion/mini-web-sites/multilabel-showrooms/references/showroommarcona3,DS0096,2025-11-13
Elena Pogodaeva,N/A,N/A,N/A,Paris,Paris,France,Europe,N/A,37 20143,N/A,N/A,N/A,,https://www.modemonline.com/fashion/mini-web-sites/multilabel-showrooms/references/marzianobello,DS0097,2025-11-13
RG Showroom,"Women's RTW, Men's RTW",N/A,N/A,Milan,Milan,Italy,Europe,N/A,+39 02 36 75 49 50,N/A,@RG,N/A,,https://www.modemonline.com/fashion/mini-web-sites/multilabel-showrooms/references/riccardograssishowroom,DS0098,2025-11-13
Camalya,N/A,N/A,N/A,Paris,Paris,France,Europe,Rue de la Fontaine au Roi 75011 Paris Camil Hiridjee P : +33 (0)6 16 38 85 97 Facebook Instagram,+33 (0)6 16 38 85 97,N/A,N/A,N/A,,https://www.modemonline.com/fashion/mini-web-sites/fashion-brands/references/camalya,DS0099,2025-11-13
Celine Kwan,N/A,N/A,N/A,Paris,Paris,France,Europe,"Avenue de la République 75011 Paris Presentation, Showcase and Networking From 5.00pm to 7.30pm Her work presents a colourful a",N/A,N/A,N/A,N/A,,https://www.modemonline.com/fashion/mini-web-sites/fashion-brands/references/celine_kwan_fashion_brand,DS0100,2025-11-13
Polly King and Co,Women's Accessories,N/A,N/A,Paris,Paris,France,Europe,"Street - 5th Floor NY 10003 New York + MILAN – Sept. 21 - 25, 2023 via San Primo 4 20121 Milano + PARIS – Sept. 28 - Oct. 04, 2",+44 (0)2 03 75 79 340,N/A,N/A,N/A,,https://www.modemonline.com/fashion/mini-web-sites/multilabel-showrooms/references/pollykingandco,DS0101,2025-11-13
Demo,N/A,N/A,N/A,Paris,Paris,France,Europe,"Avenue de la République 75011 Paris Presentation, Showcase and Networking From 5.00pm to 7.30pm Founded by Hong Kong designer D",N/A,N/A,N/A,N/A,,https://www.modemonline.com/fashion/mini-web-sites/fashion-brands/references/demo,DS0102,2025-11-13
Épice Paris,N/A,N/A,N/A,Paris,Paris,France,Europe,"Rue de Turenne 75003 Paris Mathilde De Turckheim P : +33 (0)1 44 54 01 50 Facebook Instagram M's Acc., W's Acc.",+33 (0)1 44 54 01 50,N/A,N/A,N/A,,https://www.modemonline.com/fashion/mini-web-sites/fashion-brands/references/epiceparis,DS0103,2025-11-13
Eres,N/A,N/A,N/A,Paris,Paris,France,Europe,N/A,N/A,N/A,N/A,N/A,,https://www.modemonline.com/fashion/mini-web-sites/fashion-brands/references/eres_paris,DS0104,2025-11-13
Facetasm,N/A,N/A,N/A,Paris,Paris,France,Europe,N/A,+33 (0) 6 83 33 17 15,N/A,N/A,N/A,,https://www.modemonline.com/fashion/mini-web-sites/fashion-brands/references/facetasm,DS0105,2025-11-13
Ferronato,"Men's Accessories, Women's Accessories",N/A,N/A,Paris,Paris,France,Europe,Rue D'Uzes 75002 Paris Elisa Tettamanti P : +41(0)796958040 Facebook Twitter Instagram Men's Accessories : BagsWomen's Acces,+41(0)796958040,N/A,N/A,N/A,,https://www.modemonline.com/fashion/mini-web-sites/fashion-brands/references/ferronato_fashion_accessories,DS0106,2025-11-13
Geoffrey B. Small,N/A,N/A,N/A,Paris,Paris,France,Europe,"Rue Hérold 75001 Paris + CAVARZERE VENEZIA Jun 26 to Jul 7, 2023 GBS Superworkrooms, Via dell'Artigianato 4 30014 Cavarzere",N/A,N/A,N/A,N/A,,https://www.modemonline.com/fashion/mini-web-sites/fashion-brands/references/geoffreybsmall,DS0107,2025-11-13
Tomorrow,"Women's RTW, Men's RTW",N/A,N/A,Milan,Milan,Italy,Europe,N/A,N/A,N/A,N/A,N/A,,https://www.modemonline.com/fashion/mini-web-sites/multilabel-showrooms/references/tomorrow,DS0108,2025-11-13
Marziano Bello,N/A,N/A,N/A,Milan,Milan,Italy,Europe,N/A,37 20143,N/A,N/A,N/A,,https://www.modemonline.com/fashion/mini-web-sites/multilabel-showrooms/references/marzianobello,DS0109,2025-11-13
Jet Set,"Women's RTW, Men's RTW",N/A,N/A,Milan,Milan,Italy,Europe,N/A,31 20144,N/A,N/A,N/A,,https://www.modemonline.com/fashion/mini-web-sites/fashion-brands/references/jetset,DS0110,2025-11-13
Anatomy,N/A,N/A,N/A,Paris,Paris,France,Europe,N/A,+33 (0)6 12 47 57 64,N/A,N/A,N/A,,https://www.modemonline.com/fashion/mini-web-sites/multilabel-showrooms/references/anatomy,DS0111,2025-11-13
Moismont,"Women's RTW, Men's RTW",N/A,N/A,Paris,Paris,France,Europe,"Rue Sainte-Anne 75002 Paris + Jan. 15 - Mar. 01, 2024 Jacques Bijvoet P : +33 (0)6 89 30 67 93 Mobile: + 33 (0)1 42 96 52 43",+33 (0)6 89 30 67 93,N/A,N/A,N/A,,https://www.modemonline.com/fashion/mini-web-sites/fashion-brands/references/moismont,DS0112,2025-11-13
Paper Mache Tiger,Women's RTW,N/A,N/A,Paris,Paris,France,Europe,Rue d'Uzès 75002 Paris P : +44 (0) 20 70 33 38 15 Yuki Terase Matt Whyte Women's RTW,+44 (0) 20 70 33 38 15,N/A,N/A,N/A,,https://www.modemonline.com/fashion/mini-web-sites/multilabel-showrooms/references/papermachetiger,DS0113,2025-11-13
PabePabe,N/A,N/A,N/A,Paris,Paris,France,Europe,"Avenue de la République 75011 Paris Presentation, Showcase and Networking From 5.00pm to 7.30pm Pabepabe is an art accessories",N/A,N/A,N/A,N/A,,https://www.modemonline.com/fashion/mini-web-sites/fashion-brands/references/pabepabe_fashion_accessories_brand,DS0114,2025-11-13
Riz Poli,N/A,N/A,N/A,Paris,Paris,France,Europe,N/A,+33 (0)6 58 18 61 48,N/A,N/A,N/A,,https://www.modemonline.com/fashion/mini-web-sites/fashion-brands/references/riz-poli,DS0115,2025-11-13
Other / Wise,N/A,N/A,N/A,Paris,Paris,France,Europe,N/A,+33 (0)6 58 18 61 48,N/A,N/A,N/A,,https://www.modemonline.com/fashion/mini-web-sites/multilabel-showrooms/references/other_wise,DS0116,2025-11-13
Van Palma,Women's Accessories,N/A,N/A,Paris,Paris,France,Europe,"Street NY 10001 New York WHITE MILANO – Sept. 22 - 25, 2023 Tortona District via Tortona 27-45 20144 Milano PREMIERE CLASSE PAR",27-45 20144,N/A,N/A,N/A,,https://www.modemonline.com/fashion/mini-web-sites/fashion-brands/references/vanpalma,DS0117,2025-11-13
Yat Pit,N/A,N/A,N/A,Paris,Paris,France,Europe,"Avenue de la République 75011 Paris Presentation, Showcase and Networking From 5.00pm to 7.30pm Collections are a continuation",N/A,N/A,N/A,N/A,,https://www.modemonline.com/fashion/mini-web-sites/fashion-brands/references/yat_pit_fashion_brand,DS0118,2025-11-13
Yeung Chin,N/A,N/A,N/A,Paris,Paris,France,Europe,"Avenue de la République 75011 Paris Presentation, Showcase and Networking From 5.00pm to 7.30pm ""To build up new aesthetic, old",N/A,N/A,N/A,N/A,,https://www.modemonline.com/fashion/mini-web-sites/fashion-brands/references/yeungchin,DS0119,2025-11-13
